"","GSM1423267","GSM1423268","GSM1423269","GSM1423270","GSM1423271","GSM1423272","GSM1423273","GSM1423274","GSM1423275","GSM1423276","GSM1423277","GSM1423278","GSM1423279","GSM1423280","GSM1423281","GSM1423283","GSM1423285","GSM1423287","GSM1423289","GSM1423291","GSM1423293","GSM1423295","GSM1423297","GSM1423299","GSM1423301","GSM1423303","GSM1423305","GSM1423307","GSM1423311","GSM1423316"
"11725631_a_at",4.391247129,4.376082677,4.697198733,7.449383316,11.49620626,4.242006937,4.578760518,7.237734765,4.237453187,4.007900623,7.986820808,4.19965628,9.389605587,8.336635294,10.42748353,11.67226974,11.0551109,4.01620262,10.24695864,9.38511165,7.605673973,10.23474731,7.716573623,8.359245159,8.065709089,9.717330999,9.054761011,7.097673789,9.704110672,9.719749586
"11729058_s_at",4.415796383,5.534189089,4.152281829,6.243759243,9.847593423,5.899156029,4.668879849,5.315898379,4.770924111,4.455929116,5.894741242,5.088407771,4.206056167,8.272235035,10.20121658,9.971881374,10.62089657,5.005733009,11.26080427,10.22455535,7.532700237,10.78945509,8.829740042,10.13903267,5.307777854,10.96679563,9.944632782,6.380720855,10.92631027,10.55470108
"11717994_a_at",5.68642437,7.093881688,5.584115211,10.34997741,12.94137855,7.506319382,5.848188485,9.862974322,6.525547994,6.230006584,10.52694469,6.694215694,10.83376705,11.53549218,12.90492405,13.04514114,12.8822132,6.728839239,12.24175248,12.2844643,11.08091418,12.48023521,11.18828634,11.99975151,11.07978842,12.19939619,11.72610702,10.28602507,12.10601786,12.28852954
"11719218_at",5.096568972,6.105953403,5.130225313,8.369235933,10.87142671,5.691117229,5.73495977,6.893365393,5.620707842,5.782873491,10.06288854,4.525157208,8.703319998,9.97052309,11.33258057,11.00776611,11.11093693,4.814824214,11.39312983,10.24856448,8.246542373,11.04211932,8.465782018,8.761685531,10.079135,10.71879912,9.466630072,7.478078737,11.21334429,10.89427801
"11749291_a_at",6.610250317,7.379400828,6.811905382,11.44362208,13.80829034,7.063938778,6.667861189,11.45453347,6.504245297,7.525941136,13.053185,7.478505029,12.88394327,12.96096889,13.56628408,13.95413653,12.5578769,7.514522915,12.10719913,11.31272832,10.38138258,12.00924652,11.13409666,11.9769245,13.4417535,10.55061995,9.302795873,11.04090089,11.26390859,11.62959616
"11736342_at",4.216205815,5.755003486,4.565092213,9.178804502,10.46394577,4.788715678,4.821478807,7.107972797,4.370806946,4.457446533,7.911645398,4.381621837,8.533975826,8.774968413,10.32981893,10.31884919,10.96195044,4.250911873,10.48942137,9.755312158,8.385695733,9.843958658,8.310359519,8.95147336,7.377520169,10.20775432,9.604344062,6.997068326,10.37249275,9.548218803
"11742807_a_at",4.330497658,3.770377702,8.337785348,3.518329041,8.486409392,5.599448099,8.649520572,9.161685287,3.181308918,3.278171264,3.053483164,7.437636877,5.168950695,3.271875511,6.540218095,8.181353158,9.870744689,6.810678286,9.302726937,7.613842421,8.851377589,5.713963617,7.9302707,8.254862948,3.778409298,9.263906023,3.939198193,8.253996278,9.782427294,3.205569658
"11726316_at",3.170762172,4.432926671,4.363377485,5.649310468,8.981951531,4.219801159,4.937287501,4.097300038,3.599789867,4.676166719,10.13542601,2.882993244,4.912510623,8.639039756,9.389937787,8.769129329,8.826896179,3.227702997,9.547435744,6.353290134,4.92613143,7.849255002,5.365993417,4.171166604,5.267225825,9.318835273,3.569601896,5.502110864,9.615316882,9.086551513
"11724037_at",4.250753939,5.515906688,4.362012327,6.473637377,10.38620948,5.124623007,5.060167217,6.120608479,3.991000354,4.346049807,7.370287127,3.924746025,8.560791896,8.443960452,9.691349504,10.06622083,11.09815172,3.917043211,12.63820453,8.524311906,5.345210331,9.245350396,7.569575938,7.716658251,8.407695085,10.46130613,7.388620988,5.586258133,11.08315492,9.710276082
"11716631_s_at",3.351686626,3.914690804,4.062790605,3.570172388,5.119729227,3.474066174,3.581823897,3.640566509,4.534092554,3.923665376,3.514534246,3.576038379,4.021725813,7.007453914,4.563264548,4.642771632,11.11286285,3.358368074,12.09877409,8.480526403,4.047077026,10.06706717,6.215446761,6.97547338,3.709865112,11.04762095,8.260916546,3.343881306,10.57800348,9.885898717
"11746463_a_at",4.723077314,5.088297127,4.523833011,6.218353543,10.27186465,4.783684998,5.52041233,6.070776368,5.91888071,6.064768506,9.355796205,4.695143187,7.697119436,8.845467947,10.75907974,10.34883547,12.71145771,5.429203073,12.60335578,10.02772966,7.872778185,11.36935307,7.747480617,7.895634303,7.676741265,10.29544862,8.293372788,6.887604865,11.30645555,10.04712155
"11732519_at",3.962464819,5.041075447,4.635081706,6.13298287,9.035325184,4.722584666,5.230514232,5.91392182,4.749393145,5.241584877,7.932314082,4.87712165,7.761416013,9.072418739,9.389940295,8.767307169,10.16498954,3.655112174,10.441858,9.936413619,8.454986182,9.804657784,8.005165386,9.681060082,7.103072224,9.323904153,9.132528076,6.035624363,10.63561976,9.399609479
"11719344_a_at",5.087688354,5.797562686,5.775685047,8.695357353,12.04631869,6.347686552,5.507115627,8.29100781,5.761111021,5.966131536,9.856075858,5.687557759,9.822596159,10.26021136,11.57906346,12.09187136,11.03006449,5.972683728,10.50965469,9.388487941,8.706052099,10.28980314,8.663524511,10.02090504,8.790077552,9.456317174,8.82377515,8.226497325,10.66187458,9.890813907
"11730923_x_at",6.743807056,7.145234585,7.265361234,8.130119291,9.772851866,7.13273833,7.161102023,7.532963039,8.406719464,7.159231856,9.427835243,6.842784877,7.088291496,9.521350571,11.34176353,9.850936986,12.05478254,7.001121351,13.04337279,11.48686181,9.785538643,12.32678011,10.16625417,9.460673964,7.530666383,12.21805694,11.25543346,8.481799114,13.05256785,12.09371162
"11717860_a_at",8.085440538,8.863266207,7.672955168,12.39107537,13.95082254,8.3723759,8.185636696,11.76281257,8.311179336,8.840162809,12.82594792,7.803854856,12.54348692,13.34857955,13.8812118,14.05987001,13.41730953,7.957938828,13.1072291,12.85597674,12.00776871,12.97808641,12.45220307,12.82843495,13.34072438,12.87071054,11.63492882,11.75437618,12.51965045,12.74427512
"11718841_s_at",4.363094783,4.106414164,4.623868332,4.585109936,7.518117722,3.875840143,4.861073689,4.475093805,3.963011374,4.693325996,6.968841992,4.067926202,6.439080323,8.484843563,8.99352118,7.034906143,12.03149688,4.555084297,12.07329304,8.740959658,5.779879447,8.311356716,5.851644947,5.961903843,7.120531349,10.27912429,5.102985184,4.916985603,11.52809126,8.6666638
"11724799_x_at",8.036032714,5.376235419,8.478561215,9.45072092,9.981176796,8.804400188,10.10313045,9.329498125,8.350306452,5.012915545,10.15555433,5.26402444,10.49294762,9.260197899,8.581525688,9.913146436,9.388433354,5.545189549,8.586921691,5.448426747,5.775754368,9.595034598,9.053344321,8.323668347,10.98376244,5.756195132,5.461985645,9.466961038,10.51111762,5.384128068
"11730089_at",6.384156388,7.773084194,5.004943372,8.667554065,10.5542993,6.858502077,6.78941432,8.447750947,6.991349659,6.680015685,5.309588442,6.496303814,9.16904946,8.759498596,10.8371699,10.52984698,12.29406303,6.438558106,12.1445806,10.42826538,8.848775536,11.66430976,9.910236593,10.69939061,7.270756794,11.0266659,10.90395489,8.33950162,10.47452178,10.92008795
"11754138_s_at",8.040272332,4.061925204,7.840191523,4.955934093,9.025364646,8.938195438,8.867151566,4.066382138,4.589021176,8.667476943,4.061925204,4.232184724,7.811312852,4.72045629,8.830747861,8.454785292,4.009812275,4.142703802,3.941390611,4.168673384,7.457144269,3.995201873,7.241733784,4.066006531,7.738782689,3.729412247,4.040758079,4.086676533,7.361644466,4.055778616
"11744128_x_at",4.709296972,5.704574094,5.332322646,7.620645027,10.61545893,5.846226688,7.128412115,8.486305395,5.885361472,6.284254334,9.410517004,5.817511078,9.298234358,9.922229996,11.09988142,10.53286912,12.01174431,5.546238493,11.19620074,10.0922371,9.591399809,10.59097785,8.35497776,9.409534088,9.037963544,10.20711498,7.891930382,8.659226038,11.11214094,10.06928243
"11749905_a_at",5.781611972,6.163950244,5.820118812,8.577594316,11.72028993,7.279492446,6.024738322,8.640519785,6.487006803,7.039962951,10.53918832,7.152433064,9.483676474,10.19206508,10.8139886,11.79538504,11.40010195,7.272414029,10.35624193,10.8176508,9.00467847,10.90034248,9.831318105,9.842220336,10.92969305,10.71906037,8.319640477,9.324835116,10.60799569,9.839438503
"11715119_s_at",5.614143607,6.17811655,5.794162849,7.646654584,9.434237541,5.822293727,5.702758566,6.967373376,6.087299147,6.308629595,10.76067167,4.370807243,7.52162288,9.395176928,9.601125239,9.391076295,9.661306056,4.2836351,9.939238529,8.036772346,7.269635938,9.765501637,8.123860705,8.116193605,7.043161809,9.376616102,6.109828819,7.37714683,9.417618024,9.891104179
"11717345_a_at",5.918685687,5.846352508,5.707979382,6.396331971,11.35308173,4.987061363,5.498933229,6.524708568,5.36448379,5.282553922,9.532186376,5.271899698,8.286286734,10.28420893,11.7356717,11.17961387,8.96443031,5.867764413,9.092465029,7.523249989,6.325152283,9.049038744,6.195731398,7.255924413,9.374377603,7.753373273,7.119744297,5.479913133,9.8001277,7.934150351
"11722728_a_at",4.246518725,5.278869388,6.027616862,7.834794976,10.81804566,5.186577348,4.896929296,7.525821089,5.248305189,3.899818637,8.510426339,4.247764022,8.97938549,9.486412203,10.57752876,10.55311438,9.603704941,3.890074607,8.694613566,8.560469478,6.872821803,8.883876835,6.87873025,7.757151547,8.025258174,8.395594766,7.298231684,6.403325535,7.914122279,8.202114668
"11731392_at",3.665469175,3.316822653,3.52622822,4.113882098,7.501863832,3.562413643,3.6445718,3.913805151,3.585949353,3.519649348,3.378598692,3.539470394,4.760921437,4.9491292,7.072970741,6.788054152,9.360549843,3.653217695,9.318879363,6.857512364,4.734041921,8.332976106,5.596942246,6.093953065,4.291264833,7.350690701,6.913485882,4.088242811,5.883984884,6.649094986
"11716384_at",6.570212173,7.43575144,7.103414764,8.1574914,10.38480699,6.975490283,7.359637163,6.712206857,6.727737485,8.176694367,8.542309819,5.463989428,8.718217975,9.686486425,10.8642743,10.60140173,12.4271204,5.287709199,12.18910784,10.44911703,8.00009442,11.52132396,8.814279771,7.543827677,8.932698222,11.34769975,9.715707606,7.850276721,11.02624145,10.91020451
"11718213_a_at",8.719607606,5.379754318,7.54460661,6.499892747,4.098585655,9.161611053,4.847817761,8.164966435,5.859178085,7.397009295,5.120431652,4.378534681,3.978917605,6.417124317,5.456721606,3.912701966,4.352334658,4.363638534,5.526920446,8.821275041,7.383978457,4.755233715,7.773206817,9.023915684,3.929556011,7.9460168,4.281964199,5.37545925,6.843154983,4.321941492
"11750458_x_at",11.56104728,7.40833482,8.541128757,9.573937988,6.699890266,8.516336501,9.175674716,11.02442283,4.583082647,7.534404909,6.431709532,6.390425969,12.20104598,5.380143436,10.64480553,6.287918039,8.468285901,5.974404373,9.275244618,9.831553064,8.200377738,6.499193193,7.852094028,10.55692152,5.639181858,9.613772633,6.325940608,7.585950253,5.842120648,7.949057535
"11747137_x_at",4.763197169,4.968627882,4.989615664,7.728241553,4.823327294,7.712363448,7.858049905,4.454614841,8.410354765,8.687205852,7.640630359,7.722805794,8.076628786,7.656949458,8.402567814,4.763033873,4.089701105,7.561294841,3.549995775,7.132112547,7.185803045,3.760294842,8.211298691,3.797136079,7.768739274,7.131281809,7.242870442,8.227011592,3.989588516,8.215463128
"11716771_s_at",6.145727279,6.803755586,6.245699362,8.679003358,10.88218535,6.376676674,6.888607379,7.309938269,7.511605295,6.343895944,9.466226223,7.43586578,8.212270388,9.576228001,10.91768762,10.96481517,10.9803164,7.336239328,10.56164161,10.65362049,10.33012203,11.00999393,9.326046038,10.37080274,9.659244262,10.13353142,10.29272132,8.886669143,10.37140784,10.13154016
"11757312_x_at",5.294543402,5.018586753,4.354764777,5.157769024,6.521807219,5.177191113,4.447689154,4.564714244,5.106070874,4.24333746,7.407741639,6.441028707,5.599404345,6.533425447,8.324992341,6.384975076,8.215719262,6.716560287,9.690332138,8.113842429,6.748980316,9.368464928,7.39309255,5.732297309,7.838206456,9.546145583,8.236659671,5.40393544,11.26132782,8.545042041
"11717863_a_at",5.861907488,6.309460244,6.021437909,7.310217145,9.27301752,5.993239086,6.397546707,6.637894115,6.234241077,6.662629846,8.582391953,5.951763464,7.25145638,8.059173405,9.395039678,9.068886818,10.70490371,5.389124768,10.22418696,9.844791085,8.718002326,10.41400053,8.177102166,8.573488864,8.089876786,9.619446279,9.277866884,7.465132476,10.44891772,9.45692146
"11732158_a_at",7.370383826,7.305010549,7.2115041,8.685382485,10.3880114,8.173264998,7.252552535,7.477648997,7.432918949,7.324996941,9.007078873,7.696445049,8.314870797,8.842803772,10.9421333,10.40370883,11.1616591,7.428445551,11.51158616,10.46947175,9.281482366,11.53823825,9.256695423,9.468157805,9.603489191,10.69758628,9.429428885,8.746397478,10.84906262,10.31394242
"11758698_x_at",9.876818559,8.569380115,9.944681228,6.820852426,6.21861846,9.284628815,4.062599003,9.892266715,7.097466815,6.213526488,6.749834474,7.627270038,5.36633681,9.199158327,8.460559699,5.692678887,5.445291003,7.543721617,9.645269026,6.65558847,4.713632137,4.837491577,6.594650358,4.683715166,4.664767297,6.347963117,7.133280718,4.918858072,7.096087849,4.019151648
"11757865_a_at",7.002554182,6.904343324,7.098915968,7.983236889,10.10019935,7.411008867,7.122293994,7.243263568,7.112749164,7.424381164,10.01867884,8.705217725,8.790936801,9.834350463,10.4143312,10.37240452,11.27106217,8.878446657,11.62188734,10.73031575,8.929843551,10.71211159,9.156738869,9.898069763,8.90965304,10.8001726,9.461346829,7.955784277,11.05835098,10.56949495
"11725088_at",7.590218598,6.237594329,3.464383248,5.866329927,3.551275782,3.398399141,3.88477473,4.554233984,7.153856703,5.584822407,7.074517986,7.884138656,8.505182599,8.359272581,4.205423947,4.111170373,5.026726015,7.750148022,6.425998982,8.230682831,6.777522325,5.682141023,6.132258965,7.850650044,3.970103159,6.091773149,7.976430791,6.520784063,5.219506349,7.009454386
"11719883_a_at",7.545318703,7.834616316,7.843730443,9.624550238,11.13503102,8.254685611,8.016394487,8.696371965,8.741650137,7.981654278,9.866725119,10.3692778,8.759689366,11.15116422,12.21177365,11.06846132,11.98289711,10.26147223,11.81984123,11.9575533,11.47822503,11.70326186,11.21427935,11.87070197,10.14612906,11.30120045,11.52279227,10.1909067,11.90411576,10.97826558
"11715388_s_at",7.906324578,8.689980596,8.081230721,9.110175403,11.42744255,8.294568197,8.673904864,8.954807621,8.557083021,8.424841997,10.14747234,9.439440302,10.01014834,10.86608657,11.83414411,11.58839769,11.74848461,9.503128328,12.77795108,11.36979425,10.42719702,12.07755719,9.879831247,10.38217801,9.583459658,11.95595462,10.92363122,8.741530739,12.44578982,11.67313771
"11745020_a_at",6.413067752,6.657220915,5.545097569,6.811743176,7.308227697,6.562358388,6.472153148,6.359416946,6.928378097,6.524426883,6.881146832,6.209337661,7.095542587,7.171120745,7.894277901,7.339724889,10.05068564,6.186811964,10.84942482,9.606419868,7.728228872,10.38712415,8.129528467,8.528254923,7.169859093,10.67230755,9.843369811,6.941003318,10.48662225,10.05793065
"11719898_s_at",6.953625533,7.553233244,6.792518137,8.40050481,10.22168719,7.214894343,7.186491893,7.885182374,7.243311855,7.389228975,8.356387906,6.917697463,8.680140838,9.192866657,10.37258877,10.14117961,10.9982977,6.929429556,11.18942714,10.15764653,9.578773048,10.3886886,9.01198893,9.605030669,9.371761907,10.15893354,9.114576492,8.743882186,10.20844127,9.894146345
"11715757_a_at",8.404157737,8.653396422,8.073398013,9.419634409,11.44466488,8.582539468,8.005213793,8.196384996,7.3393712,8.13348963,9.958508259,9.422342877,10.64826675,11.41691841,11.7041384,11.34866407,11.95616602,9.251688177,13.07012795,11.61236965,10.05758391,12.35802466,10.53917503,10.42328475,11.17386132,12.35421113,10.89684157,9.761291079,12.89456091,11.51009984
"11715562_x_at",9.729828858,9.757880982,7.809465437,9.249052672,7.813778258,7.655825242,8.23747461,9.23728399,8.87925733,8.316096393,10.91903058,8.403507967,9.996597122,8.749973205,4.822298485,7.60875235,11.88767787,8.196964936,11.20544304,10.52304373,10.35341791,11.51181293,11.70289214,11.21275961,11.06242515,10.63890767,10.88539502,11.26817555,10.20617486,11.91224746
"11750102_x_at",4.669027199,6.494722944,5.201875542,6.359221224,6.365897018,5.19259468,5.339715117,5.174397295,4.850151952,5.179283035,4.585374511,5.842858409,6.540441149,4.812420362,5.98690994,6.411935483,8.529097657,5.451631253,9.305508626,7.900200978,6.453590398,9.398620881,7.577306447,8.023974105,5.172933414,9.657709596,7.756866224,5.563255747,9.591642133,9.910812133
"11734035_a_at",3.608963899,3.497297437,3.841598152,3.919067274,4.934175978,3.777793641,3.293446684,3.637721691,3.456685819,3.80193518,3.555161653,3.949088204,6.293214808,7.574005803,6.615528095,4.69811942,6.985322438,3.78163497,9.755178821,6.301937204,3.659858557,6.949504999,5.63913597,5.644397807,4.576349952,7.985051552,5.08143633,3.620810657,9.406577667,6.30427696
"11721305_a_at",5.453217419,5.857691393,5.524371238,5.711483357,8.259616717,5.732141025,5.487022909,5.540383028,5.95662565,5.721931072,6.911441564,8.263130621,7.143011529,7.390107065,8.892598389,8.000426206,9.579864741,7.922640631,11.0920124,8.613292844,7.006372383,9.857510908,7.221815941,7.338932335,6.562140154,9.37942497,7.308620882,5.109944465,10.44128789,8.407738772
"11758222_s_at",8.522509354,8.925403339,8.514579309,9.184791055,9.864705087,8.752823836,8.852450276,8.737810201,8.90673421,8.598342067,9.192438976,8.956700343,9.247560183,9.035440277,10.34315813,9.888393698,11.88772662,8.843834197,12.38893184,11.20719487,9.970894962,12.27040753,10.46550437,11.70911925,8.848841258,11.9071884,12.16463506,9.050148435,11.52217282,11.77629445
"11715765_a_at",4.580595714,4.550970251,4.488406894,6.339912876,9.305291448,5.273691567,4.866961555,5.202896704,4.632784121,4.947320961,7.696658072,5.78832261,7.21893835,7.682560091,8.283485699,9.563875669,8.924876427,5.995895956,8.785858623,7.624091919,6.900785903,8.422766453,6.777565725,8.025069281,8.005498248,7.334673996,6.309770633,6.698597342,7.869974529,7.663610641
"11741768_a_at",3.499513102,3.601854063,3.665158258,4.432589621,5.433300904,3.609443757,3.999953403,3.508856857,4.101129595,4.009768938,3.824965383,4.188238714,6.432846712,7.56708908,6.340271922,5.002382392,6.590761471,3.802804296,9.390377511,6.425929807,3.592898587,6.736150841,5.635658777,6.272983085,5.176944932,7.643177611,5.070629774,4.325284019,9.110106342,6.691362928
"11728038_at",4.896158244,5.156587762,6.344367298,4.924221462,7.087225878,4.410547789,5.777742333,4.599852508,4.599889281,7.742142532,6.512837128,3.577411372,7.681557532,7.806669564,7.995583508,6.941553996,7.980366373,4.369400793,8.264011017,7.190589779,4.58082742,7.232032822,5.54033788,5.88230337,7.443725251,7.573317431,6.846341452,5.219490691,7.053896473,7.700190023
"11737749_a_at",6.404521696,7.067310247,6.643025773,7.043066502,9.599639891,7.161234518,6.432779506,6.644027019,6.828737626,6.806056586,7.11796748,7.700705441,8.158188825,7.962905367,9.322320665,9.637091035,10.44127558,7.368317719,10.53202765,10.01515542,8.86522967,10.76392703,8.929204735,9.315254677,8.566070375,10.18510201,9.420746227,7.803965759,10.16355143,10.42947347
"11728504_a_at",4.723769831,5.791300329,4.642109389,5.61160515,5.756224611,5.14164772,5.191415497,5.850671667,4.98426348,4.696394922,4.977145159,5.150033629,6.141635015,5.018888679,6.355844701,6.097900209,10.50704355,5.147098493,10.65548565,7.27600141,6.078055414,8.145105865,6.686259818,7.819097127,5.709955458,9.013435999,8.638068882,6.087846904,9.060061852,8.615125987
"11755219_a_at",7.394179451,7.840942314,7.962456778,8.530583454,9.752597861,8.13979672,7.77418048,8.096327876,7.62103143,7.847995841,8.881488864,8.243857298,7.753870125,8.532178311,10.33936256,9.686966644,10.69469694,8.304524818,11.8143666,10.89837606,9.124452524,11.27236344,9.571705828,9.941139276,8.882597265,11.24105161,10.62217705,8.44110591,11.34784415,10.61854499
"11725386_a_at",4.668375644,4.628677225,4.160826905,4.245406032,4.397819408,4.71864849,3.91889423,4.529139137,4.079313936,4.673968601,3.778293192,4.367325758,4.4489055,4.141892111,4.484611084,4.00335661,6.722201309,4.026634144,8.536796056,6.95624222,4.184763588,7.446430445,4.941128465,6.179193068,5.343691415,7.617378211,7.053886993,4.000446015,8.374847376,7.236820335
"11757721_s_at",5.410448739,5.772323253,5.289630085,7.727071341,10.40260817,5.710086425,5.339070296,6.719925274,5.836080504,5.985789587,8.347554694,7.877722963,7.679456329,8.736570499,10.19539109,10.23684595,10.09209492,7.687978825,9.635630373,9.274851829,8.592484267,9.651597221,7.965992303,9.161518733,7.69391311,9.177567214,8.475516588,7.240510904,9.280473116,8.910157143
"11722015_at",4.836265788,5.514710763,4.879647349,5.354321955,7.786169828,5.444209498,4.944850974,5.034820138,6.422587191,4.249113959,6.406913745,5.053782236,5.494713161,7.906577512,7.063532578,7.495556327,11.07223961,5.022991234,10.3439891,7.023024144,6.094846893,8.11444778,6.596109975,5.831567567,5.969012699,9.455777494,7.673710593,5.445271642,8.842773792,8.366495399
"11745021_a_at",8.03146861,8.83207105,8.427867268,9.50194107,11.77820463,8.587081197,8.673487864,9.110558666,8.369455853,8.61718021,9.754494611,9.456375053,9.872043133,10.24238245,11.80132435,11.60336695,11.98812482,9.326176003,12.10976472,11.37015263,10.28753102,12.07631183,10.35908273,10.83963672,10.24503154,11.54495556,10.69916932,9.227537793,11.75822263,11.27838128
"11728477_at",3.059312616,3.568483212,3.442809009,3.914938355,5.427567489,3.090356893,3.993395427,3.69896193,3.179209605,3.343518817,5.097775494,3.208340717,5.276487544,6.204739608,7.233910824,5.179716033,9.941037771,3.176171778,8.157993973,6.601177663,4.371331711,5.984794249,3.828140455,3.544555685,5.637838601,6.211099368,3.889930298,3.702198337,7.201155129,5.608350079
"11744163_at",4.6879773,8.727920683,5.020699771,8.823325592,9.299022671,8.00964626,8.564799941,7.920563544,6.621159319,7.474894855,8.648886294,8.307569798,9.909210946,5.831567567,7.072805834,9.218855241,10.22878819,8.180969315,9.763292669,6.661204171,6.220739075,9.343422125,6.808302791,6.752294651,9.115608511,8.393866014,9.490560036,8.530798822,9.971221802,8.836301328
"11742765_at",4.410377815,4.539492408,4.055817428,4.857808129,8.393817662,4.184734772,4.701079706,4.609692746,4.209571223,4.741690265,6.768945886,5.458840851,7.307774306,6.748608453,7.110752192,8.120163871,8.193205255,5.146433404,6.977310454,6.95889158,6.200331226,7.169195402,5.708356022,5.305920845,7.159974326,6.270926373,6.455289507,6.446030307,7.755434047,6.522938886
"11726611_x_at",6.051599908,5.872538754,5.66316693,6.439649006,8.549332151,6.392285208,6.113510654,6.14706604,6.243152271,6.068922055,6.641465433,6.31276178,5.732927422,7.374531899,8.879400483,8.46657268,9.880058864,6.173775817,9.461003616,8.44167466,7.314604836,9.155753551,7.516956059,7.478887857,6.790151728,9.002517833,8.184142991,6.150673721,9.176887117,8.43402772
"11745137_a_at",6.185580245,6.164746263,5.838364728,6.542541563,8.982281609,6.127558294,5.844063743,6.043561561,5.967227669,6.085092682,6.0857948,5.767899735,5.710786515,7.308250617,8.656419083,9.110326124,9.483403634,5.765014082,8.376700189,8.386457569,7.086928175,9.002377502,7.275816589,7.73596157,6.244072331,8.369135679,7.772797376,6.647531627,8.538387022,8.484121786
"11719366_s_at",6.551673326,7.438305593,5.595407753,7.793083808,10.00536348,6.658451968,7.345305049,7.726572847,6.907489501,7.275446596,5.543587835,5.847813339,9.747537561,8.198766171,8.677961671,9.748960798,11.94833949,5.72942742,10.88688902,7.887192919,7.152039669,9.506896611,7.059806923,6.556071063,8.162072182,8.863497671,6.980762838,6.779039832,11.3771747,9.175591508
"11715484_a_at",5.119859502,5.935076282,5.594063969,6.240130467,8.266650755,6.107642838,5.735866871,5.174042865,5.764675244,5.752413642,6.026414275,6.257888901,6.835079227,7.426746046,8.317092784,8.10370614,8.777166641,5.63254796,8.992634098,8.068990406,6.844271491,9.023250145,6.826198598,7.222910344,6.597333046,8.87582707,7.622055261,6.145169848,9.130548944,8.414239749
"11758184_x_at",5.28049809,5.892113818,3.814721664,6.206347719,7.545778248,5.601453542,6.159222706,4.808745724,4.504342196,5.323925219,3.417026978,6.301673451,6.366088538,4.700571016,6.246082138,7.004609333,8.725680801,5.690255723,7.551160798,7.550732961,5.306386853,8.830090097,6.425825587,6.317841012,6.78510176,7.851894272,8.247266019,5.292315225,7.568066661,8.353758872
"11717473_s_at",5.423757418,6.298837731,4.944038973,5.800643852,7.743943687,4.994231386,7.654073766,7.083039515,4.941715045,4.859372623,8.704010711,8.64718581,7.33149544,4.343741864,6.194567963,6.983044764,5.30907587,8.156822608,5.847581961,5.209007245,4.204074633,8.389543392,5.438644136,5.587319659,6.901127218,4.497260348,7.492333806,4.056616596,6.004259659,7.146319635
"11720944_at",5.460228247,5.320660728,4.602927349,5.514314099,8.496940923,5.630901797,5.500905519,5.358876085,5.004370568,5.681335331,7.084122956,4.880048669,7.205284128,6.899542872,8.278618294,8.30924153,9.760551791,4.972426963,7.893284353,7.047307358,5.630613573,7.761708637,6.748055343,5.648205593,6.890238597,7.644787035,6.811889786,5.922627235,7.802872785,8.390944697
"11715659_s_at",9.470744181,9.522447712,9.598868476,9.600163557,10.81848639,9.856860529,9.474744482,10.02047965,9.334332331,9.060241496,9.977120889,11.08803428,9.323489895,10.27031968,11.16783122,10.97114635,12.90210005,11.17551227,13.42281177,12.30176931,11.17267149,12.58166811,11.63056755,11.86572466,9.645751898,12.81705673,11.69257408,9.770438584,12.61503981,12.40628714
"11732993_a_at",7.65816461,8.368411586,5.583247473,9.137480771,10.51046826,7.320384791,8.316186849,8.080214936,7.833202787,8.550172347,4.663834774,6.188624581,9.667145299,6.438738414,9.565300395,10.39453383,11.35218209,5.969985453,11.25832849,9.353105935,7.381046035,10.00757855,8.185943278,9.010400046,9.146140428,9.867787915,9.808767037,7.580648178,10.56576073,9.809388686
"11723048_at",6.82247066,7.930362594,7.926458892,7.43890634,8.293636929,8.057229995,7.256533664,6.309869445,7.895256138,8.550051373,7.720045255,5.898159276,6.923717259,8.341282193,6.658300477,8.025977073,6.427748835,5.899360084,5.629182634,5.02249329,5.609256433,5.835335254,5.85421687,5.032353067,7.647157383,5.450320898,5.271850785,6.658317118,5.235815905,5.576025109
"11763170_s_at",7.367499863,7.794003981,6.699429533,7.865955248,9.556768611,7.843157805,7.591300649,7.711827643,7.323652398,7.409240636,7.893944319,8.462915734,7.653914587,8.407437695,10.01620758,9.523842078,10.54187148,8.136046369,10.69759283,10.1743962,9.080342415,10.66048076,9.174185925,9.49062921,8.373083318,10.41742273,9.784515354,8.103588525,10.35927059,10.29858446
"11720127_s_at",6.81229687,6.841793909,6.790529747,6.956377283,7.362865281,6.655552239,6.420767058,6.954635691,6.733569928,6.835925878,7.513077616,7.703650201,6.428203088,7.809653375,8.59011943,6.771749459,10.17203694,7.685327881,10.37310691,9.610045045,7.871945167,9.857756607,8.111442145,8.05591076,6.226202794,9.750291929,9.033066341,6.680181547,9.950688949,9.238251902
"11746506_a_at",7.789130144,7.780892107,10.08829345,5.995276693,7.870995208,7.856186946,7.827260592,6.904954013,9.564985804,7.434306082,9.545085622,9.377277988,7.826856339,9.773817693,8.468132784,7.231753086,7.978752249,9.012590818,8.776244935,6.791608092,6.74658189,9.584189198,6.860318953,5.232172377,8.044138872,6.646599253,8.069429777,9.547460082,9.824993906,9.407498288
"11725983_at",6.305572163,6.764719269,6.167762433,7.780356013,8.895374194,6.283303094,6.514404431,6.520725459,6.385767763,6.38365357,8.019553104,6.490951814,8.114240728,7.693011592,8.903759744,8.828704476,9.771709096,6.446333281,8.616726792,8.63335445,7.605260029,9.122726073,7.503945258,7.940515568,8.126474741,8.704370358,8.266720115,7.46978754,8.209237413,8.883627945
"11743874_a_at",6.073617606,6.64389495,6.352444075,7.769935969,9.554308678,6.523935019,6.636183368,7.420388759,6.59592749,6.747282592,8.574228454,7.88210857,7.59990633,8.403127938,10.22999076,9.397055059,10.53474778,7.850624984,10.20177946,9.54629869,9.791452865,9.993734037,8.565102161,9.175024484,8.714282635,9.113074645,8.738378068,8.379962007,10.21592552,9.314330458
"11715691_s_at",10.30540289,10.51282667,10.34126247,12.16951252,13.40005828,10.31473082,10.45970483,11.76194024,10.28216789,10.36695447,12.83849543,10.93162287,12.50494385,12.64286201,13.57194645,13.33029022,13.43947241,10.74973471,13.19742265,12.67204396,12.06353001,13.02111312,12.33727143,12.51519249,12.51977957,12.60456802,12.02471849,11.73043925,12.8113718,12.87356537
"11715673_x_at",4.606466562,5.933962843,5.782427311,7.42332713,9.489783238,6.389790065,5.333740292,7.221214709,6.113040031,5.60543148,8.178857085,5.261252409,8.210284494,8.281065421,9.30300489,9.485017336,9.073507884,6.360102431,8.940184683,8.291823827,7.44806344,8.752875673,7.59739832,7.983904812,8.400173931,8.426303852,7.400635689,7.375460486,8.34842847,8.393100155
"11732579_s_at",6.572092093,7.539000819,6.683415055,6.789045477,5.840399873,3.257109588,4.949147312,7.062694761,6.077466903,6.741374399,6.653140066,4.469722034,6.374604003,7.150794112,4.55005967,5.57457344,6.285688738,4.693764659,3.914504487,4.192469999,6.758501485,5.199380462,4.649463008,6.523649413,6.688498918,6.386316815,6.496679775,7.166784837,4.181084706,4.403920311
"11723149_a_at",7.716031222,7.228819129,7.704724023,7.759255942,8.479100995,7.673698986,6.798212438,7.374627349,7.062253157,6.680742991,7.039501362,9.0838082,7.155779378,8.050444859,9.414439843,7.96743197,10.02662705,8.793259219,10.48608842,10.27765584,8.59474971,9.985310234,8.710150534,9.530616835,6.671846461,10.31061777,9.099296548,7.484883466,10.56852014,9.384010562
"11731424_x_at",3.805674218,3.873915342,4.229524602,4.2092342,5.489134418,4.022365122,3.844983548,4.222200357,4.084253236,4.094352342,4.864309885,3.995701438,5.167404943,7.319124153,6.997305363,5.272184147,6.834206309,4.262081249,8.833294862,5.878612843,4.180690649,6.413544198,5.314641553,5.866454171,4.48633906,7.206379761,4.831695802,4.887136847,8.563116484,6.267920008
"11717039_a_at",8.434507684,8.664883116,8.670193309,8.998960989,10.66194963,8.300658108,8.644991138,8.941544479,8.87001113,8.55245378,9.736561267,9.673508511,8.623358936,9.733002616,10.17004992,10.69004541,12.22009502,9.459806814,11.95924466,11.10201611,10.19805526,11.53600155,9.865789686,9.806295519,9.937755968,11.09276576,10.40910637,8.541541299,11.48595287,10.68953446
"11730070_at",6.588228352,6.055308543,7.314319651,5.472009418,4.610285778,8.114549598,5.869547523,8.968741529,7.423594236,7.441440892,3.208559519,6.159081853,4.3151074,6.633903855,7.378419694,4.310162084,4.19620702,6.1150466,5.313076936,6.438149384,5.717736775,5.595809314,7.644362121,8.04318713,4.741690265,5.525222598,5.139582422,6.552174483,5.541727041,4.921203852
"11758555_s_at",6.306456547,6.51533629,6.319727113,6.412862268,8.585386946,6.692311273,7.162655686,5.807836379,6.099850136,6.577425813,8.32186337,7.158577261,7.23625769,8.12255572,8.605056975,8.298454173,9.412038066,7.069769706,9.790863017,8.481883303,7.400747156,8.931403629,7.138435679,6.072521051,8.436372664,9.114445922,7.905912633,7.025125421,9.972227079,8.848052859
"11739084_at",3.317884759,3.358208389,3.153908519,3.189038544,3.227275818,3.535118883,3.418176535,4.036644548,3.181706219,3.233418707,3.271211071,7.297130894,3.305396169,3.534006439,3.601141695,3.25058446,3.918026515,7.272821683,5.890969822,6.048879056,4.524542251,4.93151391,5.124371362,5.893511608,3.661283249,5.046289163,5.638695428,3.565449857,5.306883547,5.438205355
"11736304_a_at",6.741866218,7.676657177,7.145743068,7.673328016,9.611546134,7.272176729,7.090847889,7.346180249,8.012701501,7.464306617,8.368060107,7.239812684,7.956464686,8.833853239,9.57471618,9.545201058,9.656658743,7.028142808,9.687618935,9.190012211,7.533504492,9.655084732,8.397338571,8.818418759,7.913411086,9.676122904,9.029293174,7.754295504,9.293187115,9.480126834
"11716532_a_at",6.032284813,7.650371693,5.422172494,10.67237912,8.743996967,8.142082809,8.433916373,7.494964866,6.405283732,7.570513266,11.328192,7.472760613,8.791066695,5.325434295,7.987351373,8.656011427,8.075021757,7.443434315,8.347868754,7.18723839,6.735888414,5.031054907,6.640432821,4.455712922,9.287117173,7.792941546,7.301079314,6.174104705,10.6532264,6.210139559
"11758619_s_at",6.412017118,7.303129946,5.870317121,7.041720644,8.498899219,6.260381579,7.030776979,6.636724411,6.502367798,6.52463621,5.908303184,6.345351286,7.358611007,6.338914795,7.975263502,8.185307775,11.06470691,6.366384827,11.12935565,8.6110881,6.711538991,9.934082385,6.780737375,6.668649222,7.526843774,9.933078254,8.328004957,6.716609309,9.670289569,8.999266713
"11722924_a_at",6.193932645,6.710486333,7.569991253,7.747496435,7.794293343,7.37065297,6.328583784,7.228277467,4.714904719,6.782343897,4.752901651,5.803010945,3.195682762,5.324378351,6.553154226,6.794256301,3.961477361,4.969397248,5.613495765,6.47153033,6.473686746,6.722554083,4.158365736,4.772541516,7.291833163,5.161968912,5.003828032,4.618925982,5.967374922,4.568857041
"11717375_a_at",6.610318235,7.148260805,6.853842939,7.810800721,9.172732813,7.433856781,7.114261195,7.100736111,7.395780377,7.062061151,8.261322625,7.719737641,7.599324653,8.98933512,10.28348462,9.320294318,9.904936795,7.810613215,10.04218804,9.452399219,8.372399361,9.598730178,8.487735009,9.48633703,7.979993098,9.646204989,8.874322644,7.704839447,9.806841414,9.272041739
"11758095_s_at",5.645101173,5.962532731,6.047818748,5.711965936,6.926752412,5.902092842,6.07666231,6.124291978,5.863095922,6.385521492,6.077210555,6.444225845,8.196106562,8.478535973,8.317020746,7.101037394,8.508541037,6.197747641,10.53219148,8.056065342,6.357966154,7.963618319,7.594530839,7.166343954,7.352087798,8.866288912,7.53166188,6.166789197,10.57854274,7.931196594
"11743110_at",9.101255181,9.092190746,9.162236425,9.347897235,10.3238238,9.470730564,8.86396875,8.974754948,8.811081018,9.525562962,9.3308405,9.251023104,9.005526015,9.918417214,11.08021363,10.28704787,11.69925495,9.12087185,12.36390807,11.27642457,9.842225646,11.78660683,10.30599111,10.26841766,9.061602334,11.86188068,10.95256464,9.102802261,12.46072382,11.65233544
"11717853_at",7.918536749,8.175936793,8.925156435,8.89010952,8.983866249,9.064638891,8.997080467,8.17606881,6.655282205,8.496016481,5.784724836,7.676877731,5.732840244,6.373922719,8.634854967,8.750984463,6.338004017,7.246732137,7.016466992,7.670263656,6.996367082,6.992986273,6.642604863,7.260771362,8.534625259,6.576932859,6.45234754,6.209287375,8.201032582,6.414481616
"11746433_a_at",6.729654644,7.858599973,5.478738846,8.707406243,9.100175248,7.616379407,7.674236938,6.546208758,6.445122442,7.179925126,3.135815603,7.398820472,7.735013512,4.841278611,7.531073383,9.181369062,9.551718154,7.011889962,9.457447527,8.023380199,6.780027533,9.188698258,7.474941238,8.03489081,8.790322883,8.699227046,8.451603045,6.607532473,8.828722579,8.921414091
"11723553_at",4.374692714,7.412400354,3.793999332,6.610452103,7.244247938,4.683214261,7.223589723,5.706165576,4.944123224,4.786912501,5.266443649,4.9291777,7.300042386,4.512565553,5.365093614,6.891142117,7.254992661,5.167690061,7.659426093,5.185417813,4.855997109,6.317907183,4.714183017,5.563544136,5.550599087,6.07088878,7.287736929,6.059200833,6.773931773,5.697187023
"11734322_at",6.214601377,7.402161848,4.826241025,3.87066389,7.024837984,6.435208757,6.908962715,4.673691089,4.161247813,5.542611333,2.891351798,6.176089302,5.140179422,3.857389537,4.64919579,6.735649192,6.323302604,5.810627977,3.105832082,5.2146417,5.96955166,5.599280781,5.8384914,3.952607123,6.860280719,4.897628056,4.136507569,5.762209145,3.042160363,5.63330045
"11737184_at",5.145415207,6.190923415,8.945204199,6.953348999,4.47571238,3.943833074,4.634154636,4.594191599,5.518022513,5.904054971,9.281608211,5.52373122,6.89709049,7.481554436,5.386643128,4.563355554,5.778403444,4.984319684,8.247051223,6.662891044,5.975999626,6.602016648,9.994982348,5.234642139,4.817559569,7.089910778,5.578213535,7.08267956,9.934326927,8.892330968
"11748016_a_at",8.359319922,5.889764914,9.620056419,7.931252621,8.301429019,10.67588905,6.281284184,8.231865831,5.408942488,7.068970983,7.092153766,6.453424335,4.04447584,9.110296718,9.235478767,8.129753469,4.714707169,6.337990387,6.129451746,6.648243575,7.126054857,7.534372516,7.01077823,9.692305202,7.396478468,6.674356813,5.912526582,8.297968563,7.546478276,6.948202616
"11754941_x_at",9.168821822,9.891377124,7.459349406,9.541554888,11.32942213,9.630985934,9.890404215,9.267376888,9.053160608,9.453198457,5.068982606,9.632136272,10.28943489,9.038900427,10.5919005,11.51727566,12.87380914,9.857280988,11.87807643,11.89100705,10.48766365,12.82321103,10.99542885,11.23947054,10.5490658,12.68053301,12.67733111,10.10660208,11.01100871,12.92192211
"11716523_at",8.386868201,8.393248303,8.035171788,9.283629777,9.621900507,8.224672716,9.466927514,8.942362158,6.552726126,8.957902496,7.202483424,9.705209171,12.45158384,10.99147768,9.947844468,9.782906944,10.81578374,9.91616082,12.68180079,10.05789348,8.38498147,10.0819596,9.580743562,9.760884405,11.42002815,11.408192,9.968475986,8.370709025,12.22335904,10.54316436
"11719916_at",4.946443435,4.989043278,5.103105708,5.48964032,6.423464148,4.866275795,5.384497455,5.475920276,5.156303319,5.364126721,5.642575436,5.072987644,5.906275767,7.189104956,7.577972862,6.757863048,9.983530925,5.405383617,9.514086948,7.718703733,5.717344502,8.089328946,6.147393887,5.813902294,6.389903833,8.423310679,6.316250339,5.502166446,7.315543927,7.353752931
"11721941_x_at",4.53977386,6.493107491,4.466800419,7.809193909,7.646051406,7.320511037,7.170707633,5.996084564,4.413651089,5.92285802,8.381268786,6.290301967,5.321450074,3.466860596,6.000844906,7.056947731,6.611692997,6.191334087,6.850675671,4.953755742,6.425950096,4.942727176,6.076839487,4.286445188,5.210979386,4.536346312,5.77511619,7.205642541,6.800094269,4.362494922
